{
    "loss": 1.044516682624817,
    "accuracy": 0.896372377872467
}